{
  "losses": [
    1.0806712225863808,
    0.9008608146717674,
    0.758921470140156,
    0.6419210935893812,
    0.5396363161112133
  ],
  "metrics": {
    "both": {
      "optimistic": {
        "adjusted_arithmetic_mean_rank": 0.7587654922321222,
        "adjusted_arithmetic_mean_rank_index": 0.24130138403855528,
        "adjusted_geometric_mean_rank_index": 0.4166548071166154,
        "adjusted_hits_at_k": 0.008395792632007085,
        "adjusted_inverse_harmonic_mean_rank": 0.004813310635657904,
        "arithmetic_mean_rank": 2737.7597701149425,
        "count": 1740.0,
        "geometric_mean_rank": 1550.4157926046441,
        "harmonic_mean_rank": 163.44448261788108,
        "hits_at_1": 0.0022988505747126436,
        "hits_at_10": 0.009770114942528735,
        "hits_at_3": 0.004022988505747126,
        "hits_at_5": 0.005172413793103448,
        "inverse_arithmetic_mean_rank": 0.00036526214276207873,
        "inverse_geometric_mean_rank": 0.0006449882700949757,
        "inverse_harmonic_mean_rank": 0.006118285450711192,
        "inverse_median_rank": 0.0004203446826397646,
        "median_absolute_deviation": 2478.9109093413663,
        "median_rank": 2379.0,
        "standard_deviation": 2075.0937906491727,
        "variance": 4306014.239990752,
        "z_arithmetic_mean_rank": 17.431351055039855,
        "z_geometric_mean_rank": 17.437745900760245,
        "z_hits_at_k": 9.40069687788914,
        "z_inverse_harmonic_mean_rank": 13.330969021767189
      },
      "pessimistic": {
        "adjusted_arithmetic_mean_rank": 0.7587661293546729,
        "adjusted_arithmetic_mean_rank_index": 0.24130074673937818,
        "adjusted_geometric_mean_rank_index": 0.41665399042475126,
        "adjusted_hits_at_k": 0.008395792632007085,
        "adjusted_inverse_harmonic_mean_rank": 0.004813309454546642,
        "arithmetic_mean_rank": 2737.7620689655173,
        "count": 1740.0,
        "geometric_mean_rank": 1550.4179618095804,
        "harmonic_mean_rank": 163.4445141288361,
        "hits_at_1": 0.0022988505747126436,
        "hits_at_10": 0.009770114942528735,
        "hits_at_3": 0.004022988505747126,
        "hits_at_5": 0.005172413793103448,
        "inverse_arithmetic_mean_rank": 0.00036526183605789276,
        "inverse_geometric_mean_rank": 0.0006449873676855778,
        "inverse_harmonic_mean_rank": 0.006118284271148704,
        "inverse_median_rank": 0.0004203446826397646,
        "median_absolute_deviation": 2478.9109093413663,
        "median_rank": 2379.0,
        "standard_deviation": 2075.09356353197,
        "variance": 4306013.297411812,
        "z_arithmetic_mean_rank": 17.43130501723644,
        "z_geometric_mean_rank": 17.43771172075089,
        "z_hits_at_k": 9.40069687788914,
        "z_inverse_harmonic_mean_rank": 13.330965750555574
      },
      "realistic": {
        "adjusted_arithmetic_mean_rank": 0.7587658293035497,
        "adjusted_arithmetic_mean_rank_index": 0.24130104687368303,
        "adjusted_geometric_mean_rank_index": 0.416654401439995,
        "adjusted_hits_at_k": 0.008395792632007085,
        "adjusted_inverse_harmonic_mean_rank": 0.004813310188409782,
        "arithmetic_mean_rank": 2737.760986328125,
        "count": 1740.0,
        "geometric_mean_rank": 1550.4168701171875,
        "harmonic_mean_rank": 163.44449455004548,
        "hits_at_1": 0.0022988505747126436,
        "hits_at_10": 0.009770114942528735,
        "hits_at_3": 0.004022988505747126,
        "hits_at_5": 0.005172413793103448,
        "inverse_arithmetic_mean_rank": 0.00036526197800412774,
        "inverse_geometric_mean_rank": 0.0006449877982959151,
        "inverse_harmonic_mean_rank": 0.0061182850040495396,
        "inverse_median_rank": 0.0004203446733299643,
        "median_absolute_deviation": 2478.9109093413663,
        "median_rank": 2379.0,
        "standard_deviation": 2075.093505859375,
        "variance": 4306013.5,
        "z_arithmetic_mean_rank": 17.431326698614072,
        "z_geometric_mean_rank": 17.437728922471013,
        "z_hits_at_k": 9.40069687788914,
        "z_inverse_harmonic_mean_rank": 13.33096778306657
      }
    },
    "head": {
      "optimistic": {
        "adjusted_arithmetic_mean_rank": 0.8490820950419772,
        "adjusted_arithmetic_mean_rank_index": 0.15095978328924864,
        "adjusted_geometric_mean_rank_index": 0.2698320551546708,
        "adjusted_hits_at_k": 0.005516901418649982,
        "adjusted_inverse_harmonic_mean_rank": 0.0035826806305728305,
        "arithmetic_mean_rank": 3060.7057471264366,
        "count": 870.0,
        "geometric_mean_rank": 1939.07463827077,
        "harmonic_mean_rank": 204.48214604327342,
        "hits_at_1": 0.0022988505747126436,
        "hits_at_10": 0.006896551724137931,
        "hits_at_3": 0.0034482758620689655,
        "hits_at_5": 0.004597701149425287,
        "inverse_arithmetic_mean_rank": 0.00032672203165523393,
        "inverse_geometric_mean_rank": 0.0005157099062941594,
        "inverse_harmonic_mean_rank": 0.004890402508727464,
        "inverse_median_rank": 0.00033783783783783786,
        "median_absolute_deviation": 2659.047078889797,
        "median_rank": 2960.0,
        "standard_deviation": 2071.782553791989,
        "variance": 4292282.950196856,
        "z_arithmetic_mean_rank": 7.711072241979807,
        "z_geometric_mean_rank": 7.988674573421207,
        "z_hits_at_k": 4.365837768107814,
        "z_inverse_harmonic_mean_rank": 7.012954781112711
      },
      "pessimistic": {
        "adjusted_arithmetic_mean_rank": 0.8490827327749131,
        "adjusted_arithmetic_mean_rank_index": 0.15095914537934763,
        "adjusted_geometric_mean_rank_index": 0.2698311671677398,
        "adjusted_hits_at_k": 0.005516901418649982,
        "adjusted_inverse_harmonic_mean_rank": 0.003582679899876813,
        "arithmetic_mean_rank": 3060.7080459770114,
        "count": 870.0,
        "geometric_mean_rank": 1939.076995242152,
        "harmonic_mean_rank": 204.4821765557347,
        "hits_at_1": 0.0022988505747126436,
        "hits_at_10": 0.006896551724137931,
        "hits_at_3": 0.0034482758620689655,
        "hits_at_5": 0.004597701149425287,
        "inverse_arithmetic_mean_rank": 0.00032672178625935854,
        "inverse_geometric_mean_rank": 0.0005157092794425732,
        "inverse_harmonic_mean_rank": 0.004890401778990429,
        "inverse_median_rank": 0.00033783783783783786,
        "median_absolute_deviation": 2659.047078889797,
        "median_rank": 2960.0,
        "standard_deviation": 2071.7815848811147,
        "variance": 4292278.935452503,
        "z_arithmetic_mean_rank": 7.711039657345516,
        "z_geometric_mean_rank": 7.988648283592102,
        "z_hits_at_k": 4.365837768107814,
        "z_inverse_harmonic_mean_rank": 7.012953350804331
      },
      "realistic": {
        "adjusted_arithmetic_mean_rank": 0.8490823835476242,
        "adjusted_arithmetic_mean_rank_index": 0.15095949470354386,
        "adjusted_geometric_mean_rank_index": 0.2698315693503721,
        "adjusted_hits_at_k": 0.005516901418649982,
        "adjusted_inverse_harmonic_mean_rank": 0.003582679968637168,
        "arithmetic_mean_rank": 3060.706787109375,
        "count": 870.0,
        "geometric_mean_rank": 1939.075927734375,
        "harmonic_mean_rank": 204.48217368443403,
        "hits_at_1": 0.0022988505747126436,
        "hits_at_10": 0.006896551724137931,
        "hits_at_3": 0.0034482758620689655,
        "hits_at_5": 0.004597701149425287,
        "inverse_arithmetic_mean_rank": 0.0003267219290137291,
        "inverse_geometric_mean_rank": 0.0005157095729373395,
        "inverse_harmonic_mean_rank": 0.0048904018476605415,
        "inverse_median_rank": 0.00033783784601837397,
        "median_absolute_deviation": 2659.047078889797,
        "median_rank": 2960.0,
        "standard_deviation": 2071.781982421875,
        "variance": 4292281.0,
        "z_arithmetic_mean_rank": 7.711057500933087,
        "z_geometric_mean_rank": 7.988660190650982,